Month,MPrecip,SE,APrecip
Oct,68.36785714,8.116944608,84.6
Nov,38.02222222,5.148574149,3.6
Dec,25.27857143,4.074106378,4.8
Jan,16.82307692,1.809277864,16.3
Feb,27.70714286,4.570905021,17.1
Mar,53.51428571,6.329526246,17.1
Apr,78.175,9.195925347,41.3
May,103.25,14.12085262,80.4
Jun,135.4964286,13.58909994,37.9
Jul,107.775,16.09293662,86.6
Aug,112.6857143,10.99865638,189.738
Sep,73.91071429,7.907944802,176.022